BEGIN TRANSACTION;
INSERT INTO "Diaria" ("dia","id_receta") VALUES ('2025-05-01',3);
INSERT INTO "Diaria" ("dia","id_receta") VALUES ('2025-04-30',4);
INSERT INTO "Diaria" ("dia","id_receta") VALUES ('2025-04-29',5);
INSERT INTO "Diaria" ("dia","id_receta") VALUES ('2025-04-28',6);
INSERT INTO "Diaria" ("dia","id_receta") VALUES ('2025-04-27',7);
INSERT INTO "Diaria" ("dia","id_receta") VALUES ('2025-04-26',8);
INSERT INTO "Diaria" ("dia","id_receta") VALUES ('2025-04-25',9);
INSERT INTO "Diaria" ("dia","id_receta") VALUES ('2025-04-24',10);
INSERT INTO "Diaria" ("dia","id_receta") VALUES ('2025-05-08',6);
INSERT INTO "Diaria" ("dia","id_receta") VALUES ('2025-05-07',9);
INSERT INTO "Diaria" ("dia","id_receta") VALUES ('2025-05-06',3);
INSERT INTO "Diaria" ("dia","id_receta") VALUES ('2025-05-05',4);
INSERT INTO "Diaria" ("dia","id_receta") VALUES ('2025-05-04',5);
INSERT INTO "Diaria" ("dia","id_receta") VALUES ('2025-05-02',9);
INSERT INTO "Diaria" ("dia","id_receta") VALUES ('2025-05-03',8);
INSERT INTO "Diaria" ("dia","id_receta") VALUES ('2025-05-09',10);
INSERT INTO "Diaria" ("dia","id_receta") VALUES ('2025-05-10',4);
INSERT INTO "Diaria" ("dia","id_receta") VALUES ('2025-05-11',10);
INSERT INTO "Diaria" ("dia","id_receta") VALUES ('2025-05-12',7);
INSERT INTO "Diaria" ("dia","id_receta") VALUES ('2025-05-13',5);
INSERT INTO "Diaria" ("dia","id_receta") VALUES ('2025-05-14',7);
INSERT INTO "Diaria" ("dia","id_receta") VALUES ('2025-05-15',8);
INSERT INTO "Diaria" ("dia","id_receta") VALUES ('2025-05-16',5);
INSERT INTO "Diaria" ("dia","id_receta") VALUES ('2025-05-17',9);
INSERT INTO "Ingredientes" ("id","nombre","categoria","precio","stock","activo","unidad_medida","imagen_url") VALUES (1,'Harina','Granos',1.5,100,1,'g','https://www.pastasgallo.es/wp-content/uploads/2020/11/pack_harina_trigo.png');
INSERT INTO "Ingredientes" ("id","nombre","categoria","precio","stock","activo","unidad_medida","imagen_url") VALUES (2,'Azúcar','Endulzantes',1.0,50,1,'g','https://sgfm.elcorteingles.es/SGFM/dctm/MEDIA03/202002/05/00120930500044____2__600x600.jpg');
INSERT INTO "Ingredientes" ("id","nombre","categoria","precio","stock","activo","unidad_medida","imagen_url") VALUES (3,'Sal','Condimentos',0.5,200,1,'g','https://www.salineraespanola.com/wp-content/uploads/2017/04/Salinera-Espanola_Sal-marina-fina-seca_Leda_pack-1kg-800x801.jpg');
INSERT INTO "Ingredientes" ("id","nombre","categoria","precio","stock","activo","unidad_medida","imagen_url") VALUES (4,'Leche','Lácteos',2.0,30,1,'ml','https://sgfm.elcorteingles.es/SGFM/dctm/MEDIA03/202306/20/00120912100029____15__1200x1200.jpg');
INSERT INTO "Ingredientes" ("id","nombre","categoria","precio","stock","activo","unidad_medida","imagen_url") VALUES (5,'Huevos','Proteínas',3.0,40,1,'unidad','https://phantom-elmundo.unidadeditorial.es/27ff9dd1d9c43d565aa90024c3bbfe2e/crop/28x939/3072x2968/resize/746/f/webp/assets/multimedia/imagenes/2021/10/07/16336039175865.jpg');
INSERT INTO "Ingredientes" ("id","nombre","categoria","precio","stock","activo","unidad_medida","imagen_url") VALUES (6,'Tomate','Verduras',1.2,60,1,'g','https://fundaciondelcorazon.com/images/stories/notas-de-prensa/tomate.jpg');
INSERT INTO "Ingredientes" ("id","nombre","categoria","precio","stock","activo","unidad_medida","imagen_url") VALUES (7,'Queso','Lácteos',4.0,20,1,'g','https://sgfm.elcorteingles.es/SGFM/dctm/MEDIA03/202204/29/00118385800034____3__1200x1200.jpg');
INSERT INTO "Ingredientes" ("id","nombre","categoria","precio","stock","activo","unidad_medida","imagen_url") VALUES (8,'Aceite','Grasas',5.5,25,1,'ml','https://sgfm.elcorteingles.es/SGFM/dctm/MEDIA03/202310/10/00120902600079____17__600x600.jpg');
INSERT INTO "Ingredientes" ("id","nombre","categoria","precio","stock","activo","unidad_medida","imagen_url") VALUES (9,'Pollo','Carnes',6.0,15,1,'g','https://sgfm.elcorteingles.es/SGFM/dctm/MEDIA03/202302/28/00118460511332____2__600x600.jpg');
INSERT INTO "Ingredientes" ("id","nombre","categoria","precio","stock","activo","unidad_medida","imagen_url") VALUES (10,'Pasta','Carbohidratos',2.5,80,1,'g','https://sgfm.elcorteingles.es/SGFM/dctm/MEDIA03/202104/14/00118003501204____7__600x600.jpg');
INSERT INTO "Recetas" ("id","nombre","descripcion","tiempo_prep_segs","dificultad","id_usuario","activo","imagen_url") VALUES (3,'Sopa de Tomate','Sopa caliente con tomates frescos.',1800,2,3,1,'1c73c2d11b6bbec12e6947deb1ffbcff');
INSERT INTO "Recetas" ("id","nombre","descripcion","tiempo_prep_segs","dificultad","id_usuario","activo","imagen_url") VALUES (4,'Pizza Margarita','Pizza clásica con tomate y queso.',2700,3,4,1,'a7065dd8295b5602364c7f94efba74a1');
INSERT INTO "Recetas" ("id","nombre","descripcion","tiempo_prep_segs","dificultad","id_usuario","activo","imagen_url") VALUES (5,'Arroz con Pollo','Plato típico con arroz y pollo.',3200,3,5,1,'4487ba30e00b8be7ae0352169be79ebc');
INSERT INTO "Recetas" ("id","nombre","descripcion","tiempo_prep_segs","dificultad","id_usuario","activo","imagen_url") VALUES (6,'Pasta Alfredo','Pasta con crema y queso parmesano.',2500,2,6,1,'992122af66093bc90a748f3b08b6e8b4');
INSERT INTO "Recetas" ("id","nombre","descripcion","tiempo_prep_segs","dificultad","id_usuario","activo","imagen_url") VALUES (7,'Tostadas Francesas','Tostadas dulces con huevo y leche.',1800,2,7,1,'d41a64068e7f3d56fb5165b39fca6c35');
INSERT INTO "Recetas" ("id","nombre","descripcion","tiempo_prep_segs","dificultad","id_usuario","activo","imagen_url") VALUES (8,'Omelette de Queso','Huevo batido con queso fundido.',900,1,8,1,'fad5d0820ead1e2cca8009d5fa9796f4');
INSERT INTO "Recetas" ("id","nombre","descripcion","tiempo_prep_segs","dificultad","id_usuario","activo","imagen_url") VALUES (9,'Empanadas','Empanadas rellenas de carne.',4200,4,9,1,'f0ad14cda51d252917561c7e6a1e8a98');
INSERT INTO "Recetas" ("id","nombre","descripcion","tiempo_prep_segs","dificultad","id_usuario","activo","imagen_url") VALUES (10,'Churros','Postre frito con azúcar y canela.',2400,3,10,1,'e96583975809cddaf4efd546ba7bb2a0');
INSERT INTO "Usuarios" ("username","password","nombre","apellido","correo","direccion","rol","activo","id") VALUES ('user','$2b$10$JdCg8yL3rRkkr.hhx1rjqOe30F9lhBlqA1sjYJW6ymzYExvQFHyjy','Usuario','Default','user@cookinglabs.com','C/ Calle 14, Madrid','U',1,1);
INSERT INTO "Usuarios" ("username","password","nombre","apellido","correo","direccion","rol","activo","id") VALUES ('admin','$2b$10$Htah5iG9eKj8ItIItpzK6uvny3c5/QjdZaLwwmFy32RPrfVspNgYS','Administrador','Default','admin@cookinglab.com','C/ Avenida 106, Segovia','A',1,2);
INSERT INTO "Usuarios" ("username","password","nombre","apellido","correo","direccion","rol","activo","id") VALUES ('cocinero','$2b$10$zkJJkDUdGGnqLrJS8kAOmumd1E/ryFX7pxnjo8IXxf2dULc19fzSq','Cocinero','Default','cocinero@cookinglab.com','C/ Mi calle','C',1,3);
INSERT INTO "guardado" ("id_usuario","id_receta","guardado") VALUES (1,3,1);
INSERT INTO "guardado" ("id_usuario","id_receta","guardado") VALUES (1,4,1);
INSERT INTO "guardado" ("id_usuario","id_receta","guardado") VALUES (1,6,1);
INSERT INTO "tiene" ("id_ingrediente","id_receta","cantidad","cantidad_esp") VALUES (7,4,1,200);
INSERT INTO "tiene" ("id_ingrediente","id_receta","cantidad","cantidad_esp") VALUES (6,4,3,150);
INSERT INTO "tiene" ("id_ingrediente","id_receta","cantidad","cantidad_esp") VALUES (1,4,1,300);
INSERT INTO "tiene" ("id_ingrediente","id_receta","cantidad","cantidad_esp") VALUES (5,4,1,2);
INSERT INTO "tiene" ("id_ingrediente","id_receta","cantidad","cantidad_esp") VALUES (6,3,7,400);
INSERT INTO "tiene" ("id_ingrediente","id_receta","cantidad","cantidad_esp") VALUES (3,3,1,10);
INSERT INTO "tiene" ("id_ingrediente","id_receta","cantidad","cantidad_esp") VALUES (9,5,2,500);
INSERT INTO "tiene" ("id_ingrediente","id_receta","cantidad","cantidad_esp") VALUES (5,7,1,4);
INSERT INTO "tiene" ("id_ingrediente","id_receta","cantidad","cantidad_esp") VALUES (4,7,1,200);
INSERT INTO "tiene" ("id_ingrediente","id_receta","cantidad","cantidad_esp") VALUES (5,8,1,3);
INSERT INTO "tiene" ("id_ingrediente","id_receta","cantidad","cantidad_esp") VALUES (7,8,1,150);
INSERT INTO "tiene" ("id_ingrediente","id_receta","cantidad","cantidad_esp") VALUES (10,6,2,300);
INSERT INTO "tiene" ("id_ingrediente","id_receta","cantidad","cantidad_esp") VALUES (7,6,1,200);
INSERT INTO "tiene" ("id_ingrediente","id_receta","cantidad","cantidad_esp") VALUES (1,10,1,250);
INSERT INTO "tiene" ("id_ingrediente","id_receta","cantidad","cantidad_esp") VALUES (2,10,1,50);
INSERT INTO "tiene" ("id_ingrediente","id_receta","cantidad","cantidad_esp") VALUES (9,9,1,300);
INSERT INTO "tiene" ("id_ingrediente","id_receta","cantidad","cantidad_esp") VALUES (1,9,1,250);
COMMIT;
