BEGIN TRANSACTION;
INSERT INTO "Diaria" ("dia","id_receta") VALUES ('2025-05-01',3);
INSERT INTO "Diaria" ("dia","id_receta") VALUES ('2025-04-30',4);
INSERT INTO "Diaria" ("dia","id_receta") VALUES ('2025-04-29',5);
INSERT INTO "Diaria" ("dia","id_receta") VALUES ('2025-04-28',6);
INSERT INTO "Diaria" ("dia","id_receta") VALUES ('2025-04-27',7);
INSERT INTO "Diaria" ("dia","id_receta") VALUES ('2025-04-26',8);
INSERT INTO "Diaria" ("dia","id_receta") VALUES ('2025-04-25',9);
INSERT INTO "Diaria" ("dia","id_receta") VALUES ('2025-04-24',10);
INSERT INTO "Diaria" ("dia","id_receta") VALUES ('2025-05-08',6);
INSERT INTO "Diaria" ("dia","id_receta") VALUES ('2025-05-07',9);
INSERT INTO "Diaria" ("dia","id_receta") VALUES ('2025-05-06',3);
INSERT INTO "Diaria" ("dia","id_receta") VALUES ('2025-05-05',4);
INSERT INTO "Diaria" ("dia","id_receta") VALUES ('2025-05-04',5);
INSERT INTO "Diaria" ("dia","id_receta") VALUES ('2025-05-02',9);
INSERT INTO "Diaria" ("dia","id_receta") VALUES ('2025-05-03',8);
INSERT INTO "Diaria" ("dia","id_receta") VALUES ('2025-05-09',10);
INSERT INTO "Diaria" ("dia","id_receta") VALUES ('2025-05-10',4);
INSERT INTO "Diaria" ("dia","id_receta") VALUES ('2025-05-11',10);
INSERT INTO "Diaria" ("dia","id_receta") VALUES ('2025-05-12',7);
INSERT INTO "Diaria" ("dia","id_receta") VALUES ('2025-05-13',5);
INSERT INTO "Diaria" ("dia","id_receta") VALUES ('2025-05-14',7);
INSERT INTO "Diaria" ("dia","id_receta") VALUES ('2025-05-15',8);
INSERT INTO "Diaria" ("dia","id_receta") VALUES ('2025-05-16',5);
INSERT INTO "Diaria" ("dia","id_receta") VALUES ('2025-05-17',9);
INSERT INTO "Ingredientes" ("id","nombre","categoria","precio","stock","activo","unidad_medida","imagen_url") VALUES (1,'Harina','Granos',12.0,34,1,'gramos','9e9c62b67e742d5b5404beac2e0272b3');
INSERT INTO "Ingredientes" ("id","nombre","categoria","precio","stock","activo","unidad_medida","imagen_url") VALUES (2,'Azúcar','Endulzantes',1.0,50,1,'gramos','701231e52f9785c57657ed973ebb7ce2');
INSERT INTO "Ingredientes" ("id","nombre","categoria","precio","stock","activo","unidad_medida","imagen_url") VALUES (3,'Sal','Condimentos',0.5,200,1,'gramos','3cf55fe6fbe3d6371a0da810299ebfda');
INSERT INTO "Ingredientes" ("id","nombre","categoria","precio","stock","activo","unidad_medida","imagen_url") VALUES (4,'Leche','Lácteos',2.0,30,1,'mililitros','f40ba08dd4c604646c002d7975c93a1a');
INSERT INTO "Ingredientes" ("id","nombre","categoria","precio","stock","activo","unidad_medida","imagen_url") VALUES (5,'Huevos','Proteínas',3.0,30,1,'unidades','ee177948d504ed1a19404401be638292');
INSERT INTO "Ingredientes" ("id","nombre","categoria","precio","stock","activo","unidad_medida","imagen_url") VALUES (6,'Tomate','Verduras',1.2,60,1,'gramos','8877d2445d3eed2d7ede82862d700175');
INSERT INTO "Ingredientes" ("id","nombre","categoria","precio","stock","activo","unidad_medida","imagen_url") VALUES (7,'Queso','Lácteos',4.0,20,1,'gramos','22d2714d6ca41719f89220d366e75850');
INSERT INTO "Ingredientes" ("id","nombre","categoria","precio","stock","activo","unidad_medida","imagen_url") VALUES (8,'Aceite','Grasas',5.5,25,1,'mililitros','b0f62ffbb5a40b8b8c3f3c23b9dc7736');
INSERT INTO "Ingredientes" ("id","nombre","categoria","precio","stock","activo","unidad_medida","imagen_url") VALUES (9,'Pollo','Carnes',6.0,15,1,'gramos','005500137c43523dcd31b49fb2573e3d');
INSERT INTO "Ingredientes" ("id","nombre","categoria","precio","stock","activo","unidad_medida","imagen_url") VALUES (10,'Pasta','Carbohidratos',2.5,80,1,'gramos','1337119e0022f2e71b508e64a56d359a');
INSERT INTO "Recetas" ("id","nombre","descripcion","tiempo_prep_segs","dificultad","id_usuario","activo","imagen_url") VALUES (3,'Sopa de Tomate','Sopa caliente con tomates frescos.',1800,2,3,1,'1c73c2d11b6bbec12e6947deb1ffbcff');
INSERT INTO "Recetas" ("id","nombre","descripcion","tiempo_prep_segs","dificultad","id_usuario","activo","imagen_url") VALUES (4,'Pizza Margarita','Pizza clásica con tomate y queso.',2700,3,4,1,'a7065dd8295b5602364c7f94efba74a1');
INSERT INTO "Recetas" ("id","nombre","descripcion","tiempo_prep_segs","dificultad","id_usuario","activo","imagen_url") VALUES (5,'Arroz con Pollo','Plato típico con arroz y pollo.',3200,3,5,1,'4487ba30e00b8be7ae0352169be79ebc');
INSERT INTO "Recetas" ("id","nombre","descripcion","tiempo_prep_segs","dificultad","id_usuario","activo","imagen_url") VALUES (6,'Pasta Alfredo','Pasta con crema y queso parmesano.',2500,2,6,1,'992122af66093bc90a748f3b08b6e8b4');
INSERT INTO "Recetas" ("id","nombre","descripcion","tiempo_prep_segs","dificultad","id_usuario","activo","imagen_url") VALUES (7,'Tostadas Francesas','Tostadas dulces con huevo y leche.',1800,2,7,1,'d41a64068e7f3d56fb5165b39fca6c35');
INSERT INTO "Recetas" ("id","nombre","descripcion","tiempo_prep_segs","dificultad","id_usuario","activo","imagen_url") VALUES (8,'Omelette de Queso','Huevo batido con queso fundido.',900,1,8,1,'fad5d0820ead1e2cca8009d5fa9796f4');
INSERT INTO "Recetas" ("id","nombre","descripcion","tiempo_prep_segs","dificultad","id_usuario","activo","imagen_url") VALUES (9,'Empanadas','Empanadas rellenas de carne.',4200,4,9,1,'f0ad14cda51d252917561c7e6a1e8a98');
INSERT INTO "Recetas" ("id","nombre","descripcion","tiempo_prep_segs","dificultad","id_usuario","activo","imagen_url") VALUES (10,'Churros','Postre frito con azúcar y canela.',2400,3,10,1,'e96583975809cddaf4efd546ba7bb2a0');
INSERT INTO "Usuarios" ("username","password","nombre","apellido","correo","direccion","rol","activo","id") VALUES ('user','$2b$10$JdCg8yL3rRkkr.hhx1rjqOe30F9lhBlqA1sjYJW6ymzYExvQFHyjy','Usuario','Default','user@cookinglabs.com','C/ Calle 14, Madrid','U',1,1);
INSERT INTO "Usuarios" ("username","password","nombre","apellido","correo","direccion","rol","activo","id") VALUES ('admin','$2b$10$Htah5iG9eKj8ItIItpzK6uvny3c5/QjdZaLwwmFy32RPrfVspNgYS','Administrador','Default','admin@cookinglab.com','C/ Avenida 106, Segovia','A',1,2);
INSERT INTO "Usuarios" ("username","password","nombre","apellido","correo","direccion","rol","activo","id") VALUES ('cocinero','$2b$10$zkJJkDUdGGnqLrJS8kAOmumd1E/ryFX7pxnjo8IXxf2dULc19fzSq','Cocinero','Default','cocinero@cookinglab.com','C/ Mi calle','C',1,3);
INSERT INTO "guardado" ("id_usuario","id_receta","guardado") VALUES (1,3,1);
INSERT INTO "guardado" ("id_usuario","id_receta","guardado") VALUES (1,4,1);
INSERT INTO "guardado" ("id_usuario","id_receta","guardado") VALUES (1,6,1);
INSERT INTO "tiene" ("id_ingrediente","id_receta","cantidad","cantidad_esp") VALUES (7,4,1,200);
INSERT INTO "tiene" ("id_ingrediente","id_receta","cantidad","cantidad_esp") VALUES (6,4,3,150);
INSERT INTO "tiene" ("id_ingrediente","id_receta","cantidad","cantidad_esp") VALUES (1,4,1,300);
INSERT INTO "tiene" ("id_ingrediente","id_receta","cantidad","cantidad_esp") VALUES (5,4,1,2);
INSERT INTO "tiene" ("id_ingrediente","id_receta","cantidad","cantidad_esp") VALUES (6,3,7,400);
INSERT INTO "tiene" ("id_ingrediente","id_receta","cantidad","cantidad_esp") VALUES (3,3,1,10);
INSERT INTO "tiene" ("id_ingrediente","id_receta","cantidad","cantidad_esp") VALUES (9,5,2,500);
INSERT INTO "tiene" ("id_ingrediente","id_receta","cantidad","cantidad_esp") VALUES (5,7,1,4);
INSERT INTO "tiene" ("id_ingrediente","id_receta","cantidad","cantidad_esp") VALUES (4,7,1,200);
INSERT INTO "tiene" ("id_ingrediente","id_receta","cantidad","cantidad_esp") VALUES (5,8,1,3);
INSERT INTO "tiene" ("id_ingrediente","id_receta","cantidad","cantidad_esp") VALUES (7,8,1,150);
INSERT INTO "tiene" ("id_ingrediente","id_receta","cantidad","cantidad_esp") VALUES (10,6,2,300);
INSERT INTO "tiene" ("id_ingrediente","id_receta","cantidad","cantidad_esp") VALUES (7,6,1,200);
INSERT INTO "tiene" ("id_ingrediente","id_receta","cantidad","cantidad_esp") VALUES (1,10,1,250);
INSERT INTO "tiene" ("id_ingrediente","id_receta","cantidad","cantidad_esp") VALUES (2,10,1,50);
INSERT INTO "tiene" ("id_ingrediente","id_receta","cantidad","cantidad_esp") VALUES (9,9,1,300);
INSERT INTO "tiene" ("id_ingrediente","id_receta","cantidad","cantidad_esp") VALUES (1,9,1,250);
COMMIT;
